0.007007315284678365,0.0,0.28152492668621704,0.0,0.31481481481481477,0.4575589193332056,0.6065911431513903,0.325355327410452,20.4,0.22900763358778625,0.8936170212765959,0.9999999999999999,0.1801876379690949
0.0018589437234264,0.25,0.17118768328445746,0.0,0.13991769547325106,0.4608162483234336,0.9320288362512874,0.5173185170366195,16.0,0.1851145038167939,0.7553191489361701,0.9525442533662817,0.3507174392935982
0.11034262381830795,0.0,0.6466275659824048,0.0,0.588477366255144,0.6194673309063038,0.9876416065911431,0.020769489583428072,13.3,0.91412213740458,0.8085106382978724,0.9999999999999999,0.5383554083885209
0.00023951926202440645,0.75,0.09127565982404694,0.0,0.08847736625514402,0.5813374209618701,0.1946446961894954,0.38842764779165034,30.8,0.12404580152671751,0.6063829787234043,0.9967976196479903,0.07146799116997793
0.05113584507476013,0.0,0.6466275659824048,0.0,0.685185185185185,0.0,0.8753861997940269,0.043976029608344167,27.5,0.91412213740458,0.8085106382978724,0.893590196177316,0.14873068432671083
0.0012170410930081056,0.2,0.2382697947214076,0.0,0.1625514403292181,0.5704157884652233,0.5746652935118435,0.253516900217334,24.4,0.06870229007633583,0.6382978723404256,0.9951081748953553,0.16556291390728478
0.0014561107646767647,0.0,0.37133431085043994,1.0,0.21399176954732513,0.47959379191415985,0.5787847579814624,0.28277059898698725,24.4,0.17175572519083965,0.6382978723404256,0.9607141056029048,0.3567880794701987
0.0057801584086659445,0.0,0.21041055718475074,1.0,0.2510288065843621,0.5882352941176471,0.7579814624098867,0.27447735270849055,25.1,0.22900763358778625,0.5106382978723403,0.9786928236421403,0.21550772626931564
0.0008491637844178277,0.0,0.08907624633431087,0.0,0.12345679012345678,0.8160567158459476,0.35015447991761073,0.2151151688203039,43.8,0.1698473282442748,0.574468085106383,0.991502345050179,0.050772626931567325
0.038979034252940435,0.0,0.6466275659824048,1.0,0.685185185185185,0.9999999999999999,0.82389289392379,0.07048349989542509,21.9,0.91412213740458,0.8085106382978724,0.8932119622774725,0.09823399558498896
0.00207272393758427,0.22,0.19794721407624635,0.0,0.09465020576131689,0.6049051542441081,0.15036045314109167,0.6089807127463195,26.2,0.2729007633587786,0.6914893617021276,0.9920318725099602,0.13327814569536423
0.07886118313298839,0.0,0.6466275659824048,0.0,0.685185185185185,0.4684805518298526,0.9515962924819773,0.06774636488464932,14.2,0.91412213740458,0.8085106382978724,0.8060416561601695,0.385485651214128
0.13534782782667573,0.0,0.6466275659824048,0.0,0.47119341563786,0.3998850354474036,0.8722966014418125,0.0747119642808428,20.8,0.91412213740458,0.8085106382978724,0.7343537243431338,0.3413355408388521
0.000149825986052808,0.8,0.047653958944281524,0.0,0.0,0.5114006514657982,0.2945417095777549,0.7238039811219527,20.1,0.10305343511450377,0.5957446808510638,0.8605577689243029,0.30905077262693154
0.0001391482151038082,0.85,0.13526392961876835,0.0,0.09053497942386823,0.5662004215366928,0.2554067971163749,0.6734352408406006,23.1,0.31297709923664113,0.5638297872340423,0.9887286297846588,0.12775938189845476
0.26572903099341033,0.0,0.6466275659824048,0.0,0.588477366255144,0.5401417896148687,0.96086508753862,0.023324755158271884,13.1,0.91412213740458,0.8085106382978724,0.9999999999999999,0.6059602649006623
0.0028417482410901308,0.0,0.7855571847507332,0.0,0.4917695473251028,0.4085073768921249,0.9588053553038105,0.05989869872418592,16.2,0.4770992366412213,0.9148936170212765,0.9879217307983257,0.42660044150110377
0.0003402275017118153,0.25,0.16129032258064516,0.0,0.08436213991769548,0.5251963977773518,0.3017507723995881,0.38839127390446393,24.8,0.1793893129770992,0.6808510638297873,0.9999999999999999,0.1376931567328918
0.06535728720776066,0.0,0.6466275659824048,0.0,0.6748971193415637,0.5656255987737114,0.8959835221421216,0.1520428484391056,20.2,0.91412213740458,0.8085106382978724,0.9922335972565435,0.23620309050772625
0.002761271567411353,0.0,0.37133431085043994,0.0,0.21399176954732513,0.4257520597815675,0.7188465499485067,0.2932917458556502,22.5,0.17175572519083965,0.6382978723404256,0.9811639517877856,0.45060706401766
0.010671589081608293,0.0,0.28152492668621704,0.0,0.31481481481481477,0.4763364629239316,0.8846549948506693,0.30224881557529854,14.8,0.22900763358778625,0.8936170212765959,0.7717484492410106,0.429083885209713
0.0005248967403350438,0.0,0.10813782991202346,0.0,0.21399176954732513,0.6740754933895382,0.619979402677652,0.2077767370804499,28.7,0.1583969465648855,0.5531914893617023,0.9978818901608755,0.10954746136865343
0.14688993623459987,0.0,0.6466275659824048,0.0,0.40123456790123446,0.4123395286453343,0.5540679711637487,0.1540525057061536,20.1,0.91412213740458,0.8085106382978724,0.9999999999999999,0.3595474613686534
0.002125101214028838,0.0,0.3793988269794722,0.0,0.057613168724279795,0.514274765280705,0.03398558187435634,0.37807927688712273,23.4,0.22519083969465642,0.7021276595744679,0.9502496343738969,0.16032008830022074
0.0008140957366695336,0.45,0.1092375366568915,0.0,0.10699588477366251,0.6171680398543783,0.3934088568486097,0.2417954150715202,32.0,0.4026717557251908,0.2765957446808509,0.992359675223158,0.1365894039735099
0.025936642827887366,0.0,0.7008797653958945,0.0,0.4526748971193414,0.44433799578463307,0.972193614830072,0.11449590339095565,19.1,0.41221374045801523,0.22340425531914887,0.8770235513641635,0.2842163355408388
0.016376778298453364,0.0,0.7008797653958945,0.0,0.4526748971193414,0.7526346043303315,0.9052523171987641,0.07650337822477245,50.0,0.41221374045801523,0.22340425531914887,0.9433405618034193,0.0
0.001369452223606461,0.125,0.2056451612903226,0.0,0.0493827160493826,0.44529603372293536,0.309989701338826,0.48817393992852537,20.9,0.30152671755725186,0.6702127659574466,0.9999999999999999,0.19481236203090505
0.004511526822335829,0.0,0.21041055718475074,1.0,0.2510288065843621,0.4987545506802068,0.9104016477857878,0.1744491629459211,21.7,0.22900763358778625,0.5106382978723403,0.9958142115083968,0.5444260485651213
0.0003709120434915727,0.0,0.10813782991202346,0.0,0.21399176954732513,0.5449319793063806,0.7312049433573636,0.17845938400822048,22.0,0.1583969465648855,0.5531914893617023,0.9915527762368249,0.17853200883002204
0.157855445011278,0.0,0.6466275659824048,0.0,0.4362139917695472,0.5932170913968192,1.0,0.036182924278660364,17.2,0.91412213740458,0.8085106382978724,0.0875737556104695,0.5378035320088299
0.0004534118737712134,0.8,0.03885630498533725,0.0,0.039094650205761305,0.6794405058440315,0.34706488156539655,0.5619219961989289,30.3,0.27099236641221375,0.0,0.8926067880377225,0.1898454746136865
0.08976251288638357,0.0,0.6466275659824048,0.0,0.648148148148148,0.3753592642268634,1.0,0.0366921586992698,12.3,0.91412213740458,0.8085106382978724,0.9999999999999999,0.6299668874172184
0.00182870877200239,0.0,0.9233870967741936,0.0,0.4032921810699587,0.464648400076643,0.8805355303810505,0.07850394202002382,21.4,0.001908396946564861,0.6914893617021276,0.9700438751323819,0.3609271523178808
0.002138364129523385,0.22,0.19794721407624635,0.0,0.09465020576131689,0.5106342211151561,0.7857878475798147,0.6298047631605271,20.5,0.2729007633587786,0.6914893617021276,0.947652428261637,0.23233995584988965
0.002422842427122527,0.2,0.2382697947214076,1.0,0.1625514403292181,0.7913393370377467,0.5036045314109165,0.29434658858405555,35.2,0.06870229007633583,0.6382978723404256,0.9845428412930556,0.13383002207505518
0.0010898070223316026,0.25,0.17118768328445746,0.0,0.13991769547325106,0.45334355240467505,0.4562306900102987,0.5276396075257573,19.6,0.1851145038167939,0.7553191489361701,0.9999999999999999,0.20667770419426051
0.0007043956898671775,0.0,0.9233870967741936,0.0,0.4032921810699587,0.44242191990802826,0.6879505664263645,0.10258345533741327,22.0,0.001908396946564861,0.6914893617021276,0.980457915174744,0.34878587196467986
0.0009830293128416045,0.125,0.27162756598240473,0.0,0.28600823045267487,0.4460624640735774,0.3717816683831102,0.3929561967463558,21.7,0.2366412213740458,0.2765957446808509,0.983862020273337,0.38576158940397354
0.05334445769736904,0.0,0.6466275659824048,0.0,0.6748971193415637,0.5679248898256372,0.8609680741503605,0.11877892860715293,14.1,0.91412213740458,0.8085106382978724,0.1275909022139291,0.4525386313465783
0.0032914509944264284,0.2,0.2382697947214076,0.0,0.1625514403292181,0.4397394136807816,0.4037075180226571,0.3000300084569288,21.1,0.06870229007633583,0.6382978723404256,0.9791971355085984,0.3109823399558499
0.22033052084593124,0.0,0.6466275659824048,0.0,0.588477366255144,0.7189116689020886,0.9783728115345005,0.016977511844247034,15.0,0.91412213740458,0.8085106382978724,0.9999999999999999,0.32312362030905073
0.0004618416929414764,0.0,0.42045454545454547,0.0,0.3868312757201645,0.4730791339337038,0.8022657054582903,0.12507161109039822,11.9,0.1641221374045801,0.8936170212765959,0.9999999999999999,0.1697019867549669
0.07637247571874886,0.0,0.6466275659824048,0.0,0.6748971193415637,0.48285112090438786,0.839340885684861,0.14439523865816728,20.0,0.91412213740458,0.8085106382978724,0.9999999999999999,0.35789183222958054
0.01368170891092581,0.0,0.7008797653958945,0.0,0.4526748971193414,0.6480168614677141,0.9732234809474769,0.06799188862315746,41.3,0.41221374045801523,0.22340425531914887,0.9156034091482173,0.07891832229580573
0.0006203222933424211,0.0,0.17338709677419356,0.0,0.2674897119341565,0.4611994634987545,0.572605561277034,0.3348761923814893,18.7,0.07061068702290074,0.8085106382978724,0.9999999999999999,0.20860927152317876
0.0005586160170160958,0.0,0.07331378299120235,0.0,0.2119341563786007,0.8181643993102127,0.5221421215242018,0.18819849230237612,50.0,0.011450381679389277,0.5531914893617023,0.9892329416511171,0.0750551876379691
0.09285086143760114,0.0,0.6466275659824048,1.0,0.5823045267489712,0.4433799578463308,0.8928939237899073,0.0,50.0,0.91412213740458,0.8085106382978724,0.8763931615310908,0.19729580573951436
0.06361759732619623,0.0,0.6466275659824048,0.0,0.7304526748971193,0.5092929680015329,1.0,0.0795860651638189,18.4,0.91412213740458,0.8085106382978724,0.9969489132079278,0.41004415011037526
0.211360069272882,0.0,0.6466275659824048,0.0,0.4362139917695472,0.20444529603372297,1.0,0.03858360083296204,17.9,0.91412213740458,0.8085106382978724,0.07178879419032728,0.9006622516556291
0.0015083756435323955,0.0,0.37133431085043994,0.0,0.21399176954732513,0.5391837516765664,0.3027806385169928,0.2560539788485846,28.1,0.17175572519083965,0.6382978723404256,0.9720359070048918,0.21109271523178808
0.0571412482516555,0.0,0.6466275659824048,0.0,0.6748971193415637,0.5242383598390495,0.9155509783728115,0.1126317416726532,16.1,0.91412213740458,0.8085106382978724,0.9702203842856422,0.4288079470198675
0.0006215586668207264,0.0,0.1440615835777126,0.0,0.11728395061728392,0.44778693236252154,0.5087538619979403,0.625994598477753,17.2,0.3148854961832061,0.6595744680851063,0.9185788491603208,0.3018763796909492
0.0013824903439231344,0.0,0.4934017595307918,0.0,0.10699588477366251,0.5972408507376893,0.29042224510813597,0.43928743555001865,28.6,0.1946564885496183,0.36170212765957444,0.9999999999999999,0.12527593818984545
0.0005651350771744325,0.0,0.10813782991202346,0.0,0.21399176954732513,0.6602797470779843,0.858908341915551,0.20843146704980492,23.6,0.1583969465648855,0.5531914893617023,0.9999999999999999,0.10402869757174393
0.0038756936617201235,0.0,0.25366568914956017,0.0,0.2222222222222222,0.4751868173979691,0.4840370751802266,0.3265920395747893,20.4,0.19083969465648848,0.7446808510638299,0.9999999999999999,0.16473509933774835
0.01333732269842333,0.0,0.7855571847507332,0.0,0.4917695473251028,0.5297949798812033,0.976313079299691,0.10379288708636071,19.6,0.4770992366412213,0.9148936170212765,0.9999999999999999,0.2905629139072847
0.0010359685772308562,0.0,0.9233870967741936,0.0,0.4032921810699587,0.4441463881969726,0.956745623069001,0.07972246724076786,18.8,0.001908396946564861,0.6914893617021276,0.9558222804982601,0.4373620309050772
0.0008783871575414062,0.0,0.1315982404692082,0.0,0.257201646090535,0.4403142364437632,0.6776519052523172,0.14297665705789814,22.6,0.20801526717557245,0.4255319148936172,0.9907458772504918,0.21826710816777045
0.04143863069164531,0.0,0.6466275659824048,0.0,0.6748971193415637,0.5393753592642269,0.8805355303810505,0.1307186570760851,17.7,0.91412213740458,0.8085106382978724,0.9862070704523678,0.3565121412803532
0.0007057444609344197,0.45,0.1092375366568915,0.0,0.10699588477366251,0.6089289135849779,0.28733264675592174,0.4865189280615447,30.5,0.4026717557251908,0.2765957446808509,0.9818699884008271,0.08167770419426049
0.007099481307606574,0.0,0.28152492668621704,0.0,0.31481481481481477,0.48572523471929496,0.8403707518022657,0.30302176067800923,18.2,0.22900763358778625,0.8936170212765959,0.9574360784709264,0.23537527593818985
0.026663518035541914,0.0,0.6466275659824048,0.0,0.40740740740740733,0.44261352749568894,0.4016477857878476,0.23592103229091838,20.6,0.91412213740458,0.8085106382978724,0.9340107922739422,0.320364238410596
0.0015059028965757851,0.22,0.19794721407624635,0.0,0.09465020576131689,0.5606438014945393,0.10401647785787849,0.5698969709645446,24.4,0.2729007633587786,0.6914893617021276,0.9984366332139795,0.11506622516556292
0.0016191996662241201,0.0,0.9233870967741936,0.0,0.4032921810699587,0.4397394136807816,0.9691040164778579,0.07409360819867418,17.3,0.001908396946564861,0.6914893617021276,0.93295173735438,0.6534216335540839
0.002736656495434185,0.0,0.7855571847507332,0.0,0.4917695473251028,0.4399310212684423,0.9814624098867148,0.04901381298365905,13.3,0.4770992366412213,0.9148936170212765,0.9877452216450654,0.5405629139072847
0.0010623820106310136,0.0,0.3500733137829912,0.0,0.33333333333333337,0.6043303314811267,0.8105046343975283,0.14075784993952845,22.8,0.46755725190839686,0.5531914893617023,0.9966967572746986,0.2326158940397351
0.00041643306701099296,0.21,0.18988269794721407,0.0,0.11111111111111105,0.4893657788848439,0.6189495365602471,0.5169729651083488,20.5,0.10687022900763354,0.44680851063829796,0.9926118311563872,0.21247240618101543
0.04122012977875209,0.0,0.6466275659824048,0.0,0.40740740740740733,0.5271124736539566,0.5046343975283213,0.2602642562904091,21.2,0.91412213740458,0.8085106382978724,0.9791214887286298,0.24420529801324503
0.0013147145977942198,0.0,0.3500733137829912,0.0,0.33333333333333337,0.45066104617742864,0.9268795056642637,0.11128590784675683,18.8,0.46755725190839686,0.5531914893617023,0.9950829593020324,0.3995584988962472
0.0018401733260739476,0.125,0.27162756598240473,0.0,0.28600823045267487,0.46809733665453146,0.8547888774459321,0.49673089688912336,18.9,0.2366412213740458,0.2765957446808509,0.9743053104039537,0.4241169977924945
0.008086781728827779,0.0,0.28152492668621704,0.0,0.31481481481481477,0.41502203487258094,0.685890834191555,0.24251379934345135,18.2,0.22900763358778625,0.8936170212765959,0.984996721972868,0.26352097130242824
0.011774883814612317,0.0,0.28152492668621704,0.0,0.31481481481481477,0.45487641310595894,0.2718846549948507,0.3063590648273604,23.1,0.22900763358778625,0.8936170212765959,0.9746583287104746,0.13383002207505518
7.51939869987461e-05,0.35000000000000003,0.03885630498533725,0.0,0.11728395061728392,0.7051159225905345,0.47785787847579814,0.5372695941583537,32.7,0.1851145038167939,0.3085106382978724,0.9945534318422513,0.10375275938189846
0.0,0.18,0.06781524926686218,0.0,0.31481481481481477,0.5775052692086607,0.6416065911431514,0.26920313906646415,24.0,0.20801526717557245,0.2872340425531916,0.9999999999999999,0.08967991169977926
0.2007463649495762,0.0,0.6466275659824048,0.0,0.588477366255144,0.5100593983521747,1.0,0.023324755158271884,10.2,0.91412213740458,0.8085106382978724,0.9920318725099602,0.5532560706401766
0.0014195815482722916,0.0,0.29692082111436957,0.0,0.2777777777777778,0.43878137574247933,0.9660144181256437,0.08887049986814467,19.5,0.37595419847328243,0.8829787234042552,0.9928135559029705,0.40673289183222955
0.0006176247512079369,0.4,0.21810850439882698,1.0,0.12757201646090532,0.6255987737114389,0.2543769309989702,0.3394774891105675,33.1,0.1278625954198473,0.5319148936170215,0.9913006203035958,0.06705298013245034
0.07543451783907093,0.0,0.6466275659824048,0.0,0.6748971193415637,0.6108449894615827,0.9237899073120494,0.10857605325137083,13.4,0.91412213740458,0.8085106382978724,0.0,0.43349889624724064
0.0016245947504930883,0.0,1.0,0.0,0.4609053497942387,0.36271316344127225,0.9248197734294542,0.0628631705298766,15.2,1.0,0.7978723404255321,0.9954359776085531,0.45060706401766
0.0004254248741259401,0.7000000000000001,0.0652492668621701,0.0,0.030864197530864224,0.6342211151561602,0.45829042224510813,0.6090989278796752,24.8,0.3263358778625954,0.23404255319148937,0.9847697816329619,0.11975717439293598
0.005964715249700236,0.0,0.21041055718475074,0.0,0.24485596707818924,0.4636903621383407,0.6714727085478887,0.23114695959770482,24.3,0.22900763358778625,0.5106382978723403,0.9532250743860003,0.2737306843267108
0.10489583665842867,0.0,0.6466275659824048,0.0,0.6049382716049384,0.5401417896148687,0.9546858908341915,0.0762578544862643,9.5,0.91412213740458,0.8085106382978724,0.15230218367038176,0.6167218543046358
0.0009209858437484687,0.0,0.3793988269794722,0.0,0.057613168724279795,0.5472312703583061,0.03810504634397528,0.37807927688712273,24.2,0.22519083969465642,0.7021276595744679,0.9667910635937265,0.1376931567328918
0.003120157068886684,0.0,0.25366568914956017,0.0,0.2222222222222222,0.411381490707032,0.7353244078269825,0.3265920395747893,18.5,0.19083969465648848,0.7446808510638299,0.9854506026526804,0.2762141280353201
0.00010183221557677722,0.9,0.12060117302052788,0.0,0.01851851851851849,0.745928338762215,0.32234809474768283,0.47345160908983447,44.0,0.10877862595419846,0.35106382978723394,0.973372333451006,0.0380794701986755
9.767350478611415e-05,0.9,0.02749266862170088,1.0,0.03292181069958855,0.8357922973749762,0.2255406797116375,0.4324309578153844,50.0,0.020992366412213692,0.10638297872340408,0.9965202481214382,0.03945916114790288
0.0018964845181313047,0.0,0.20161290322580644,0.0,0.23456790123456794,0.4608162483234336,0.28115345005149334,0.24713328301612275,24.7,0.17557251908396948,0.7021276595744679,0.99125018911695,0.2317880794701987
0.018548749307068863,0.0,0.7008797653958945,0.0,0.9999999999999999,0.4907070319984671,0.972193614830072,0.044412516254580856,21.5,0.41221374045801523,0.22340425531914887,0.9392304200917848,0.3413355408388521
0.1536675108474913,0.0,0.6466275659824048,0.0,0.7304526748971193,0.45487641310595894,0.8753861997940269,0.06283589011448683,8.4,0.91412213740458,0.8085106382978724,0.17305461697513744,0.8910044150110377
0.0018769273376562944,0.0,0.33834310850439886,0.0,0.41152263374485576,0.41118988311937155,0.5262615859938208,0.11385936036519383,21.8,0.38931297709923657,0.7021276595744679,0.9999999999999999,0.2836644591611479
0.017002383278475815,0.0,0.7008797653958945,1.0,0.4526748971193414,0.9223989269975091,0.9371781668383111,0.09388100282806973,50.0,0.41221374045801523,0.22340425531914887,0.9786928236421403,0.043874172185430466
0.020163677864913385,0.0,0.7008797653958945,0.0,0.4526748971193414,0.4437631730216517,0.7857878475798147,0.11787867489928981,23.8,0.41221374045801523,0.22340425531914887,0.5731252206364417,0.28725165562913907
0.000563336715751443,0.4,0.21810850439882698,1.0,0.12757201646090532,0.6125694577505268,0.30895983522142123,0.26807554856368615,32.4,0.1278625954198473,0.5319148936170215,0.9999999999999999,0.04966887417218542
0.0025106249440821995,0.0,0.37133431085043994,0.0,0.21399176954732513,0.5297949798812033,0.5108135942327497,0.2932917458556502,24.4,0.17175572519083965,0.6382978723404256,0.9948812345554491,0.25496688741721857
0.00224525423660232,0.22,0.19794721407624635,0.0,0.09465020576131689,0.38934661812607774,0.7579814624098867,0.6206567305331503,17.6,0.2729007633587786,0.6914893617021276,0.9384487366987746,0.29718543046357615
0.00134281399502843,0.45,0.1092375366568915,0.0,0.10699588477366251,0.5738647250431118,0.2698249227600412,0.3125517191208432,29.8,0.4026717557251908,0.2765957446808509,0.9645468757879873,0.0780905077262693
0.16201527977783042,0.0,0.6466275659824048,0.0,0.7304526748971193,0.5556620042153669,0.9309989701338826,0.07938600878429379,9.6,0.91412213740458,0.8085106382978724,0.06851076705834887,0.4503311258278146
0.05468243859607319,0.0,0.6466275659824048,0.0,0.47119341563786,0.5600689787315577,0.9340885684860968,0.10691194791259355,16.7,0.91412213740458,0.8085106382978724,0.9982601240607191,0.46771523178807944
0.026672172649890052,0.0,0.7008797653958945,0.0,0.9999999999999999,0.492239892699751,1.0,0.026325600851148975,13.8,0.41221374045801523,0.22340425531914887,0.435195925160119,0.7193708609271523
0.0010084311679413303,0.4,0.21810850439882698,0.0,0.12757201646090532,0.6309637861659322,0.41091658084449023,0.285325864561831,32.0,0.1278625954198473,0.5319148936170215,0.9999999999999999,0.03449227373068432
0.07235853302263642,0.0,0.6466275659824048,0.0,0.40946502057613154,0.54876413105959,0.7404737384140061,0.09737289599796307,16.1,0.91412213740458,0.8085106382978724,0.246179837611579,0.2842163355408388
0.27869409287727487,0.0,0.6466275659824048,0.0,0.6337448559670781,0.3425943667369228,0.9588053553038105,0.052123780338095296,8.3,0.91412213740458,0.8085106382978724,0.9999999999999999,0.49779249448123614
0.0002548053341198167,0.4,0.028958944281524925,0.0,0.09053497942386823,0.6472504311170723,0.32543769309989706,0.6967872764142622,26.6,0.282442748091603,0.7553191489361701,0.9822230067073479,0.11479028697571741
0.062658845892565,0.0,0.6466275659824048,0.0,0.6748971193415637,0.550871814523855,0.8753861997940269,0.10786676245123626,14.3,0.91412213740458,0.8085106382978724,0.2518281305159111,0.3998344370860927
0.5746830275594392,0.0,0.6466275659824048,0.0,0.4362139917695472,0.42077026250239513,1.0,0.02577089907155654,15.0,0.91412213740458,0.8085106382978724,0.0057491552776236824,0.23123620309050769
0.0005447911135768645,0.33,0.06304985337243403,0.0,0.17901234567901225,0.58536118030274,0.568486096807415,0.2037301421309642,28.4,0.06679389312977096,0.6170212765957446,0.9910736799636896,0.1986754966887417
3.079693936869422e-05,0.9,0.09200879765395896,0.0,0.030864197530864224,0.6757999616784826,0.18434603501544802,0.5617674071783867,32.2,0.18702290076335876,0.2872340425531916,0.9945030006556055,0.16887417218543044
0.0004935378130216653,0.35000000000000003,0.20527859237536655,0.0,0.10884773662551439,0.4109982755317111,0.262615859938208,0.5011503241822696,17.1,0.22328244274809156,0.457446808510638,0.9927379091230016,0.29525386313465785
0.0006779822564670202,0.0,0.1315982404692082,0.0,0.257201646090535,0.571948649166507,0.3110195674562307,0.18211495967045255,29.4,0.20801526717557245,0.4255319148936172,0.9850219375661909,0.09933774834437087
0.2914950542812916,0.0,0.6466275659824048,0.0,0.6049382716049384,0.3339720252922017,0.8877445932028836,0.04709509043457703,10.4,0.91412213740458,0.8085106382978724,0.32033889757425993,0.6873620309050772
0.04738761027889438,0.0,0.6466275659824048,1.0,0.7921810699588477,0.42958421153477666,0.8867147270854789,0.07048349989542509,16.8,0.91412213740458,0.8085106382978724,0.8894044076857129,0.35623620309050774
0.004894465407843643,0.0,0.21041055718475074,0.0,0.24485596707818924,0.5730982946924698,0.19052523171987643,0.20419390919259067,31.5,0.22900763358778625,0.5106382978723403,0.9582429774572595,0.05601545253863134
0.1622119755584699,0.0,0.6466275659824048,0.0,0.4362139917695472,0.6305805709906113,1.0,0.03054497176477007,27.5,0.91412213740458,0.8085106382978724,0.4514599828533966,0.49806843267108164
0.003280548428299555,0.0,0.21041055718475074,0.0,0.24485596707818924,0.7903812990994444,0.14521112255406798,0.20419390919259067,46.7,0.22900763358778625,0.5106382978723403,0.9511069645468758,0.060430463576158944
0.0015998672809269833,0.0,0.29692082111436957,0.0,0.2777777777777778,0.6066296225330524,0.7929969104016479,0.14987860215151544,27.5,0.37595419847328243,0.8829787234042552,0.994603863028897,0.21219646799116998
0.0831469031991501,0.0,0.6466275659824048,0.0,0.4362139917695472,0.3939452002299292,0.9783728115345005,0.02956287681073759,17.2,0.91412213740458,0.8085106382978724,0.792576529325735,0.6807395143487858
0.000488817114286318,0.21,0.18988269794721407,0.0,0.11111111111111105,0.4669476911285687,0.19052523171987643,0.5169729651083488,23.4,0.10687022900763354,0.44680851063829796,0.9999999999999999,0.184878587196468
0.004564016496369333,0.0,0.21041055718475074,0.0,0.24485596707818924,0.6901705307530178,0.7929969104016479,0.18969891514881465,31.6,0.22900763358778625,0.5106382978723403,0.9374148973725351,0.12775938189845476
0.09047410202194271,0.0,0.6466275659824048,0.0,0.40946502057613154,0.3575397585744394,0.9526261585993822,0.11823332029935711,13.8,0.91412213740458,0.8085106382978724,0.8882444903928589,0.4528145695364238
0.0011607299009507488,0.0,0.42045454545454547,0.0,0.3868312757201645,0.6194673309063038,0.8898043254376931,0.11451409033454883,22.0,0.1641221374045801,0.8936170212765959,0.9913006203035958,0.13107064017660044
0.015820297835627068,0.0,0.7008797653958945,1.0,0.9999999999999999,0.4920482851120903,0.9588053553038105,0.0563613381953096,17.0,0.41221374045801523,0.22340425531914887,0.8086640778657521,0.3694812362030905
0.002335284705340729,0.22,0.19794721407624635,0.0,0.09465020576131689,0.551255029699176,0.06179196704428426,0.5698969709645446,24.8,0.2729007633587786,0.6914893617021276,0.9499974784406677,0.05132450331125828
0.015022162556586567,0.0,0.7008797653958945,0.0,0.4526748971193414,0.47997700708948077,1.0,0.05707972246724079,24.3,0.41221374045801523,0.22340425531914887,0.8915477331181603,0.12969094922737306
0.0017510420380470336,0.2,0.2382697947214076,0.0,0.1625514403292181,0.5133167273424027,0.13800205973223484,0.3000300084569288,25.2,0.06870229007633583,0.6382978723404256,0.9999999999999999,0.13410596026490065
0.0013079707424580092,0.0,0.23643695014662755,0.0,0.12962962962962965,0.48055182985246214,0.3820803295571576,0.41750857059716834,21.2,0.08778625954198471,0.5638297872340423,0.9810630894144939,0.21578366445916114
0.054280729613212925,0.0,0.6466275659824048,0.0,0.40740740740740733,0.44912818547614497,0.518022657054583,0.18393365402977202,20.6,0.91412213740458,0.8085106382978724,0.9781128649957135,0.2682119205298013
0.0024255399692570115,0.0,0.3500733137829912,0.0,0.33333333333333337,0.4849588043686529,0.9526261585993822,0.12898180396293502,18.7,0.46755725190839686,0.5531914893617023,0.9999999999999999,0.423841059602649
0.28144108995089123,0.0,0.6466275659824048,0.0,0.6337448559670781,0.46484000766430345,1.0,0.041757222489974447,5.6,0.91412213740458,0.8085106382978724,0.9999999999999999,0.6909492273730684
0.004152641320860498,0.0,0.37133431085043994,1.0,0.21399176954732513,0.35313278405824866,0.8825952626158599,0.23055588393092602,19.3,0.17175572519083965,0.6382978723404256,0.9958142115083968,0.613962472406181
0.0013678786573613452,0.0,0.29692082111436957,0.0,0.2777777777777778,0.5581529028549531,0.9701338825952626,0.11851521792505161,19.8,0.37595419847328243,0.8829787234042552,0.9958142115083968,0.29083885209713023
0.027461091326637734,0.0,0.7008797653958945,0.0,0.4526748971193414,0.5443571565433992,0.9505664263645727,0.10301994198364996,22.3,0.41221374045801523,0.22340425531914887,0.8314085430430178,0.26462472406181015
0.0008716433022051957,0.0,0.45344574780058655,0.0,0.10699588477366251,0.4431883502586701,0.34706488156539655,0.30672280369922433,20.3,0.4026717557251908,0.6489361702127658,0.9978818901608755,0.2033664459161148
0.16878835848716442,0.0,0.6466275659824048,0.0,0.47119341563786,0.3339720252922017,0.972193614830072,0.08830670461675562,12.0,0.91412213740458,0.8085106382978724,0.8804276564627567,0.63962472406181
0.0004975841262233916,0.0,0.14772727272727273,0.0,0.13168724279835387,0.541866257903813,0.4644696189495366,0.3318935336322054,23.9,0.1145038167938931,0.6276595744680851,0.9999999999999999,0.21771523178807944
0.0023032513924937294,0.125,0.27162756598240473,0.0,0.28600823045267487,0.3966277064571758,1.0,0.4503541907264775,16.5,0.2366412213740458,0.2765957446808509,0.9741035856573705,0.7781456953642383
0.015529637670636401,0.0,0.28152492668621704,0.0,0.31481481481481477,0.45775052692086604,0.8146240988671473,0.260109667269867,13.2,0.22900763358778625,0.8936170212765959,0.5857078017045741,0.7168874172185431
0.0007000121838986407,0.0,0.08907624633431087,0.0,0.12345679012345678,0.7386472504311171,0.6138002059732235,0.2151151688203039,33.2,0.1698473282442748,0.574468085106383,0.9999999999999999,0.1230684326710817
0.24777801206430763,0.0,0.6466275659824048,0.0,0.7304526748971193,0.43245832534968376,0.92173017507724,0.06698251325373515,10.5,0.91412213740458,0.8085106382978724,0.9862575016390136,0.5623620309050772
0.12170276052974331,0.0,0.6466275659824048,0.0,0.6049382716049384,0.6171680398543783,0.9052523171987641,0.06273586192472423,7.5,0.91412213740458,0.8085106382978724,0.053583135811185637,0.6639072847682119
0.006937628779537524,0.0,0.21041055718475074,1.0,0.2510288065843621,0.6357539758574439,0.7703398558187435,0.1948276332420955,27.5,0.22900763358778625,0.5106382978723403,0.983584648746785,0.22626931567328917
0.008617185951020727,0.0,0.28152492668621704,0.0,0.31481481481481477,0.562176662195823,0.9423274974253347,0.3023670307086542,18.4,0.22900763358778625,0.8936170212765959,0.9774068283826719,0.30546357615894043
0.00036405579056642543,0.525,0.1781524926686217,0.0,0.04115226337448563,0.5073768921249281,0.29248197734294545,0.5626676608862498,23.2,0.20229007633587787,0.4255319148936172,0.9999999999999999,0.14928256070640175
0.20784427269093766,0.0,0.6466275659824048,0.0,0.5823045267489712,0.11055757808009192,1.0,0.0006729169129481988,13.8,0.91412213740458,0.8085106382978724,0.9999999999999999,0.9999999999999998
7.63179628881145e-05,0.9,0.02785923753665689,0.0,0.03703703703703709,0.7066487832918183,0.1956745623069001,0.6881030108485119,35.4,0.07442748091603052,0.5638297872340423,0.9975540874476777,0.08498896247240617
0.06538943291819659,0.0,0.6466275659824048,0.0,0.30246913580246926,0.5136999425177237,0.6364572605561277,0.20865880384471985,23.0,0.91412213740458,0.8085106382978724,0.9999999999999999,0.24862030905077265
0.06434582130491803,0.0,0.6466275659824048,0.0,0.30246913580246926,0.6706265568116497,0.7631307929969104,0.20742209168038267,25.0,0.91412213740458,0.8085106382978724,0.9959150738816884,0.1456953642384106
0.2031955084125099,0.0,0.6466275659824048,0.0,0.6049382716049384,0.5504885993485343,1.0,0.06411806963780702,7.2,0.91412213740458,0.8085106382978724,0.06790559281859901,0.7538631346578366
0.002782402314131479,0.0,0.23643695014662755,0.0,0.12962962962962965,0.35217474611994637,0.9515962924819773,0.43106693704589477,14.4,0.08778625954198471,0.5638297872340423,0.9999999999999999,0.8024282560706402
0.8264345191878419,0.0,0.6466275659824048,0.0,0.6049382716049384,0.45909178003448925,1.0,0.061199065191099314,8.8,0.91412213740458,0.8085106382978724,0.040672752029855264,0.5212472406181015
0.05839560534419064,0.0,0.6466275659824048,1.0,0.7921810699588477,0.4916650699367694,0.8290422245108137,0.14486809919159038,22.7,0.91412213740458,0.8085106382978724,0.9962933077815321,0.26903973509933776
0.012874019836825677,0.0,0.28152492668621704,0.0,0.31481481481481477,0.4100402375934086,0.9485066941297631,0.24166810646636777,13.1,0.22900763358778625,0.8936170212765959,0.9038529426597407,0.4586092715231788
0.0006502200519996206,0.0,0.20161290322580644,0.0,0.23456790123456794,0.454493197930638,0.6725025746652935,0.20284807536669425,18.9,0.17557251908396948,0.7021276595744679,0.9999999999999999,0.2193708609271523
0.0013507942238429455,0.25,0.17118768328445746,0.0,0.13991769547325106,0.6133358881011687,0.41709577754891863,0.6230210332002656,25.0,0.1851145038167939,0.7553191489361701,0.9966715416813757,0.2144039735099338
0.46670715977137434,0.0,0.6466275659824048,0.0,0.6337448559670781,0.37746694769112843,0.8496395468589084,0.043448608244141526,8.5,0.91412213740458,0.8085106382978724,0.8299460386302889,0.7077814569536423
0.029551124492918274,0.0,0.3460410557184751,0.0,0.3271604938271605,0.27054991377658555,0.35942327497425336,0.12638107102910823,16.1,0.22328244274809156,0.6170212765957446,0.882873569015079,0.3010485651214128
0.004963365129861926,0.0,0.21041055718475074,1.0,0.2510288065843621,0.6064380149453917,0.654994850669413,0.22936463912557176,29.0,0.22900763358778625,0.5106382978723403,0.907458772504917,0.17439293598233996
0.0019407691681724197,0.0,0.33834310850439886,0.0,0.41152263374485576,0.40410040237593414,0.266735324407827,0.15177004428520763,23.1,0.38931297709923657,0.7021276595744679,0.9908971708104293,0.43791390728476826
0.0018556841933472315,0.0,0.23643695014662755,0.0,0.12962962962962965,0.40639969342785986,0.31822863027806386,0.3610835780992825,19.3,0.08778625954198471,0.5638297872340423,0.9999999999999999,0.2339955849889625
0.001052940613160319,0.34,0.2063782991202346,0.0,0.09876543209876543,0.6554895573864726,0.15242018537590113,0.39666633323936745,33.1,0.27099236641221375,0.37234042553191493,0.9836855111200767,0.08636865342163355
0.0005387216437742751,0.0,0.1315982404692082,0.0,0.257201646090535,0.5276872964169382,0.7260556127703399,0.19895606943775063,24.6,0.20801526717557245,0.4255319148936172,0.9967219728680217,0.12582781456953643
0.0012131071773953163,0.0,0.49230205278592387,1.0,0.33950617283950624,0.5388005365012455,0.92173017507724,0.20312087952059216,23.0,0.1698473282442748,0.404255319148936,0.9920318725099602,0.24199779249448122
0.06108606643057179,0.0,0.6466275659824048,0.0,0.6748971193415637,0.5928338762214985,0.9814624098867148,0.11144959033909556,15.2,0.91412213740458,0.8085106382978724,0.8950779161833678,0.44150110375275936
0.0005327645715606225,0.0,0.4934017595307918,0.0,0.10699588477366251,0.5725234719294884,0.49536560247167866,0.43928743555001865,27.1,0.1946564885496183,0.36170212765957444,0.9897876847042212,0.15618101545253862
0.009505688891566449,0.0,0.28152492668621704,0.0,0.31481481481481477,0.46062464073577314,0.8887744593202884,0.2621375114805081,19.6,0.22900763358778625,0.8936170212765959,0.9889807857178878,0.33388520971302427
0.001776668688324633,0.22,0.19794721407624635,0.0,0.09465020576131689,0.5502969917608737,0.47579814624098876,0.6089807127463195,24.5,0.2729007633587786,0.6914893617021276,0.9440465984164607,0.21495584988962468
0.0038561364812451137,0.0,0.3460410557184751,0.0,0.3271604938271605,0.46196589384939657,0.7600411946446962,0.17940510507506663,20.3,0.22328244274809156,0.6170212765957446,0.9983357708406879,0.22737306843267108
0.00028301712894296366,0.9500000000000001,0.03702346041055718,0.0,0.03703703703703709,0.6541483042728492,0.12770339855818746,0.5932399130664098,34.9,0.41030534351145037,0.46808510638297873,0.9999999999999999,0.0780905077262693
0.0038890689748036075,0.0,0.7855571847507332,0.0,0.4917695473251028,0.5543207511017435,0.9835221421215243,0.06549118387909321,17.1,0.4770992366412213,0.9148936170212765,0.9928892026829391,0.35485651214128033
0.00836170623136729,0.0,0.28152492668621704,0.0,0.31481481481481477,0.4527687296416939,0.9392378990731204,0.2973565277487292,15.6,0.22900763358778625,0.8936170212765959,0.9935195925160119,0.40204194260485654
0.0008627638926791854,0.0,0.07331378299120235,0.0,0.2119341563786007,0.391454301590343,0.8949536560247168,0.16898398639616619,26.4,0.011450381679389277,0.5531914893617023,0.9851227999394826,0.3380242825607064
0.0014622926320682912,0.0,0.37133431085043994,0.0,0.21399176954732513,0.44644567924889833,0.19979402677651908,0.2560539788485846,22.6,0.17175572519083965,0.6382978723404256,0.9999999999999999,0.25220750551876375
0.010900880163039446,0.0,0.7855571847507332,0.0,0.4917695473251028,0.42077026250239513,0.9835221421215243,0.11061299093380865,15.6,0.4770992366412213,0.9148936170212765,0.6617580311664734,0.4299116997792494
0.0005540077158696854,0.7000000000000001,0.0652492668621701,0.0,0.030864197530864224,0.6667944050584403,0.07312049433573636,0.6090989278796752,29.0,0.3263358778625954,0.23404255319148937,0.9361541177063896,0.08305739514348787
0.0014078921990228605,0.0,0.3500733137829912,0.0,0.33333333333333337,0.5010538417321325,0.7167868177136972,0.14554101610453857,21.2,0.46755725190839686,0.5531914893617023,0.9909223864037521,0.2844922737306843
0.0023701279579111494,0.0,0.37133431085043994,1.0,0.21399176954732513,0.4303506418854187,0.5242018537590113,0.22942829342814797,22.4,0.17175572519083965,0.6382978723404256,0.9849715063795451,0.3945916114790287
0.09210150671215922,0.0,0.6466275659824048,0.0,0.6748971193415637,0.4550680206936194,0.7971163748712667,0.1500059107566678,13.5,0.91412213740458,0.8085106382978724,0.008018558676685661,0.4197019867549669
0.15631222611517515,0.0,0.6466275659824048,0.0,0.6748971193415637,0.5071852845372676,0.9485066941297631,0.09935527284962127,11.7,0.91412213740458,0.8085106382978724,0.2529376166221191,0.3708609271523179
0.10922640336257619,0.0,0.6466275659824048,0.0,0.7304526748971193,0.5451235868940408,0.9711637487126674,0.08506942865716706,17.1,0.91412213740458,0.8085106382978724,0.9724141409047354,0.4908940397350993
0.0051325235012118706,0.0,0.21041055718475074,0.0,0.24485596707818924,0.7378808200804753,0.7621009268795057,0.23114695959770482,31.7,0.22900763358778625,0.5106382978723403,0.947652428261637,0.09713024282560706
0.0007172090150059773,0.0,0.49230205278592387,0.0,0.33950617283950624,0.5903429775819123,0.8465499485066941,0.20837690621902538,28.7,0.1698473282442748,0.404255319148936,0.9896111755509607,0.21964679911699775
0.00015994176905712357,0.85,0.010263929618768326,0.0,0.05144032921810693,0.5407166123778501,0.3377960865087539,0.7327519573698043,24.7,0.24045801526717553,0.5,0.9999999999999999,0.11147902869757173
0.04235882975227122,0.0,0.6466275659824048,0.0,0.5555555555555557,0.45813374209618696,0.8424304840370752,0.15839918522492702,19.0,0.91412213740458,0.8085106382978724,0.05469262191739372,0.4254966887417218
0.15994042028605637,0.0,0.6466275659824048,0.0,0.6337448559670781,0.5330523088714313,1.0,0.040420482135874666,7.2,0.91412213740458,0.8085106382978724,0.9999999999999999,0.5129690949227372
0.12478133049072339,0.0,0.6466275659824048,0.0,0.5823045267489712,0.25771220540333384,1.0,0.004055688421282358,13.8,0.91412213740458,0.8085106382978724,0.9999999999999999,0.9116997792494481
0.10547738178358788,0.0,0.6466275659824048,0.0,0.7304526748971193,0.39586127610653377,0.9371781668383111,0.0625267120734025,12.8,0.91412213740458,0.8085106382978724,0.9999999999999999,0.5836092715231787
0.0007031593163888723,0.0,0.07331378299120235,0.0,0.2119341563786007,0.49492239892699763,0.6107106076210093,0.13351944638943702,36.2,0.011450381679389277,0.5531914893617023,0.9999999999999999,0.21302428256070638
0.0012870647909157572,0.0,0.08907624633431087,0.0,0.12345679012345678,0.8637670051734051,0.752832131822863,0.2151151688203039,38.7,0.1698473282442748,0.574468085106383,0.9999999999999999,0.0684326710816777
0.0015284948119520898,0.0,0.3500733137829912,0.0,0.33333333333333337,0.5159992335696492,0.8372811534500515,0.10247433367585411,18.5,0.46755725190839686,0.5531914893617023,0.9794240758485048,0.24061810154525382
0.0008256726883300281,0.4,0.21810850439882698,0.0,0.12757201646090532,0.5596857635562368,0.30072090628218334,0.27377715538015257,29.1,0.1278625954198473,0.5319148936170215,0.9999999999999999,0.15066225165562916
0.0013966524401291763,0.0,0.3500733137829912,0.0,0.33333333333333337,0.4428051350833492,0.7229660144181256,0.12257090634633398,20.4,0.46755725190839686,0.5531914893617023,0.8530687377073982,0.37637969094922735
0.10318885447524488,0.0,0.6466275659824048,0.0,0.648148148148148,0.37842498562943094,1.0,0.04099337085906028,11.3,0.91412213740458,0.8085106382978724,0.9999999999999999,0.6034768211920529
0.013500074407203876,0.0,0.7008797653958945,0.0,0.4526748971193414,0.4433799578463308,0.9443872296601441,0.11787867489928981,17.4,0.41221374045801523,0.22340425531914887,0.7362196782490292,0.3504415011037527
0.170517033405013,0.0,0.6466275659824048,0.0,0.7304526748971193,0.4964552596282813,1.0,0.07134737971610182,8.7,0.91412213740458,0.8085106382978724,0.0226940339906198,0.6821192052980132
8.182544474601967e-05,0.75,0.12976539589442815,0.0,0.05144032921810693,0.44587085648591673,0.4603501544799177,0.5628949976811648,18.9,0.5381679389312977,0.9042553191489362,0.9999999999999999,0.3606512141280353
0.000718220593306409,0.0,0.1315982404692082,0.0,0.257201646090535,0.471163058057099,0.4562306900102987,0.22054397148287247,23.2,0.20801526717557245,0.4255319148936172,0.9907458772504918,0.23123620309050769
0.0026380838099365764,0.0,0.25366568914956017,0.0,0.2222222222222222,0.4832343360797088,0.4201853759011329,0.38977348161754677,22.2,0.19083969465648848,0.7446808510638299,0.9999999999999999,0.30518763796909487
9.070485427203005e-05,0.6,0.09054252199413491,0.0,0.03292181069958855,0.5830618892508143,0.16374871266735327,0.46285771444679863,29.1,0.14885496183206098,0.31914893617021267,0.94906450148772,0.07312362030905077
0.00035247883890593087,0.8,0.03885630498533725,0.0,0.039094650205761305,0.7114389729833303,0.364572605561277,0.5619219961989289,34.6,0.27099236641221375,0.0,0.9881486711382319,0.13493377483443708
0.050979050438193244,0.0,0.6466275659824048,0.0,0.7921810699588477,0.5435907261927572,0.8764160659114315,0.12627194936754904,25.0,0.91412213740458,0.8085106382978724,0.9436683645166171,0.1672185430463576
0.04004006749250421,0.0,0.6466275659824048,0.0,0.40123456790123446,0.5510634221115157,0.7425334706488156,0.16067255317407636,23.2,0.91412213740458,0.8085106382978724,0.9910988955570125,0.3485099337748344
0.0009521199758839734,0.0,0.07331378299120235,0.0,0.2119341563786007,0.6886376700517342,0.9196704428424305,0.1428584419245424,37.9,0.011450381679389277,0.5531914893617023,0.9929900650562308,0.08526490066225167
0.5141040990501504,0.0,0.6466275659824048,0.0,0.6337448559670781,0.18356006897873156,1.0,0.048068091916812924,7.0,0.91412213740458,0.8085106382978724,0.22177114327500125,0.9726821192052979
0.0004123867538092667,0.8,0.05315249266862171,0.0,0.057613168724279795,0.40275914926231093,0.1956745623069001,0.85988778655803,18.2,0.28053435114503816,1.0,0.9644460134146957,0.17439293598233996
0.0023074101032843925,0.0,0.29692082111436957,0.0,0.2777777777777778,0.4935811458133742,0.8702368692070032,0.1441406214478626,19.3,0.37595419847328243,0.8829787234042552,0.9938726108225328,0.32312362030905073
0.003953809986031228,0.0,0.21041055718475074,1.0,0.2510288065843621,0.6495497221689978,0.8815653964984552,0.15750802498886046,26.7,0.22900763358778625,0.5106382978723403,0.9868878914720863,0.22019867549668876
0.0037511571331781046,0.0,0.7855571847507332,0.0,0.4917695473251028,0.5550871814523856,0.9886714727085479,0.08992534259654995,19.2,0.4770992366412213,0.9148936170212765,0.9953098996419386,0.2999448123620309
0.00012105220328497691,0.9,0.057184750733137835,0.0,0.05144032921810693,0.6068212301207127,0.34191555097837284,1.0,30.1,0.0,0.46808510638297873,0.9686318019062988,0.07643487858719647
0.0003005511528171107,0.0,0.17338709677419356,0.0,0.2674897119341565,0.47863575397585756,0.35427394438722964,0.3348761923814893,20.6,0.07061068702290074,0.8085106382978724,0.9980836149074588,0.18708609271523177
0.05498377653201286,0.0,0.6466275659824048,0.0,0.5061728395061728,0.26997509101360406,1.0,0.018450654275295783,50.0,0.91412213740458,0.8085106382978724,0.9460890614756164,0.04221854304635761
0.001607285521796815,0.25,0.17118768328445746,0.0,0.13991769547325106,0.4177045410998276,0.6519052523171988,0.5543198537769736,18.7,0.1851145038167939,0.7553191489361701,0.995486408795199,0.315121412803532
0.0004115999706867088,0.28,0.5344574780058651,0.0,0.1625514403292181,0.5150411956313469,0.7662203913491246,0.2260091480326274,20.6,0.1583969465648855,0.5957446808510638,0.9999999999999999,0.24448123620309048
0.00017477825079678655,0.6,0.09054252199413491,0.0,0.03292181069958855,0.6206169764322668,0.07209062821833163,0.46285771444679863,31.1,0.14885496183206098,0.31914893617021267,0.9910988955570125,0.09105960264900662
0.003198610585964598,0.0,0.7855571847507332,0.0,0.4917695473251028,0.5006706265568118,0.9340885684860968,0.04385781447498842,14.0,0.4770992366412213,0.9148936170212765,0.9777598466891926,0.6189293598233996
0.026128730307380426,0.0,0.7008797653958945,0.0,0.9999999999999999,0.31136232994826596,0.9361483007209063,0.03637388718638891,17.8,0.41221374045801523,0.22340425531914887,0.8993645670482627,0.7337196467991169
0.00017365427490741815,0.8250000000000001,0.057551319648093846,0.0,0.061728395061728336,0.7758191224372485,0.13182286302780638,0.46744082423228356,42.3,0.30725190839694655,0.22340425531914887,0.9961672298149176,0.0380794701986755
0.01259145229823846,0.0,0.7008797653958945,1.0,0.9999999999999999,0.27802260969534387,0.8764160659114315,0.04370322545444626,15.3,0.41221374045801523,0.22340425531914887,0.8647939886025517,0.2866997792494481
0.00027076579174884803,0.0,0.17338709677419356,0.0,0.2674897119341565,0.44721210959953994,0.583934088568486,0.40787858396457183,18.5,0.07061068702290074,0.8085106382978724,0.9947299409955116,0.24365342163355408
0.16103629677819056,0.0,0.6466275659824048,0.0,0.47119341563786,0.5112090438781375,0.8764160659114315,0.0747119642808428,21.4,0.91412213740458,0.8085106382978724,0.965757224267487,0.3140176600441501
0.002456674101392516,0.125,0.27162756598240473,0.0,0.28600823045267487,0.5395669668518873,0.94129763130793,0.4744155171002738,15.0,0.2366412213740458,0.2765957446808509,0.988955570124565,0.5165562913907285
0.0009478488675043733,0.2,0.2382697947214076,1.0,0.1625514403292181,0.45200229929105185,0.6035015447991761,0.253516900217334,20.7,0.06870229007633583,0.6382978723404256,0.9859801301124614,0.32891832229580575
0.0012219865869213266,0.0,0.08907624633431087,0.0,0.12345679012345678,0.49856294309254656,0.6869207003089598,0.2151151688203039,21.4,0.1698473282442748,0.574468085106383,0.9872156941852841,0.2651766004415011
0.001889853060384031,0.0,0.37133431085043994,1.0,0.21399176954732513,0.45966660279747085,0.9186405767250256,0.24984313761150873,21.7,0.17175572519083965,0.6382978723404256,0.9907963084371375,0.4288079470198675
0.0012023170088573797,0.3,0.16385630498533724,0.0,0.08847736625514402,0.6392029124353326,0.529351184346035,0.47345160908983447,22.0,0.215648854961832,0.4255319148936172,0.9857531897725553,0.266280353200883
8.991807114947215e-05,1.0,0.03152492668621701,0.0,0.053497942386831254,0.6236826978348343,0.3872296601441813,0.6542934827087634,31.6,0.13167938931297707,0.26595744680851063,0.9899137626708356,0.06125827814569537
0.00032651499586152077,0.34,0.2063782991202346,0.0,0.09876543209876543,0.5803793830235676,0.3861997940267765,0.39666633323936745,22.0,0.27099236641221375,0.37234042553191493,0.9971002067678653,0.2144039735099338
0.16103629677819056,0.0,0.6466275659824048,0.0,0.648148148148148,0.2527304081241617,1.0,0.04182087679255063,10.2,0.91412213740458,0.8085106382978724,0.9395330072116598,0.7971854304635762
0.04782506169503657,0.0,0.6466275659824048,0.0,0.7921810699588477,0.4887909561218625,0.8074150360453141,0.1254444434340587,22.6,0.91412213740458,0.8085106382978724,0.984467194513087,0.3018763796909492
0.0010241668303924878,0.0,0.20161290322580644,0.0,0.23456790123456794,0.43686529986587475,0.6024716786817713,0.20444852640289535,20.0,0.17557251908396948,0.7021276595744679,0.9512330425134904,0.2671081677704194
0.09263550765719814,0.0,0.6466275659824048,0.0,0.6748971193415637,0.7342402759149261,0.9927909371781669,0.12031572534077788,17.8,0.91412213740458,0.8085106382978724,0.9469716072419184,0.4141832229580573
0.013998782509316635,0.0,0.28152492668621704,0.0,0.31481481481481477,0.384939643609887,0.98043254376931,0.24264110794860366,13.6,0.22900763358778625,0.8936170212765959,0.9487366987745222,0.5322847682119205
0.11987742368540903,0.0,0.6466275659824048,0.0,0.7304526748971193,0.555278789040046,0.9464469618949536,0.07804926843019398,11.8,0.91412213740458,0.8085106382978724,0.10777144586212113,0.613962472406181
0.00031853476704700516,0.35000000000000003,0.20527859237536655,0.0,0.10884773662551439,0.4732707415213643,0.21009268795056646,0.5011503241822696,19.4,0.22328244274809156,0.457446808510638,0.9126279691361138,0.1683222958057395
0.000998090589759141,0.0,0.45344574780058655,0.0,0.10699588477366251,0.5221306763747843,0.43357363542739447,0.30672280369922433,21.4,0.4026717557251908,0.6489361702127658,0.9655302839275809,0.19895143487858719
0.0001288076369216189,0.9500000000000001,0.03702346041055718,0.0,0.03703703703703709,0.6848055182985245,0.11328527291452112,0.5932399130664098,32.9,0.41030534351145037,0.46808510638297873,0.9682283524131323,0.0750551876379691
0.0009076105306649845,0.0,0.45344574780058655,0.0,0.10699588477366251,0.4941559685763556,0.44181256436663235,0.2692486064254471,20.8,0.4026717557251908,0.6489361702127658,0.9749357002370266,0.2356512141280353
0.009204688148393592,0.2,0.12866568914956011,0.0,0.5390946502057613,0.7215941751293352,0.9433573635427395,0.08631523429330086,31.0,0.14694656488549612,0.042553191489361764,0.991224973523627,0.26269315673289184
0.001927731047855746,0.0,0.33834310850439886,0.0,0.41152263374485576,0.3847480360222265,0.7270854788877446,0.11551437223217455,17.5,0.38931297709923657,0.7021276595744679,0.9971506379545111,0.3689293598233995
0.030658128346357214,0.0,0.7008797653958945,0.0,0.9999999999999999,0.3901130484767198,0.9474768280123584,0.03601924178632161,15.4,0.41221374045801523,0.22340425531914887,0.8864037520802865,0.5441501103752759
0.14382373000840284,0.0,0.6466275659824048,0.0,0.7304526748971193,0.4393561985054609,0.9649845520082388,0.06965599396193474,10.8,0.91412213740458,0.8085106382978724,0.6056785516163196,0.6087196467991169
0.00023569774400055392,0.0,0.2423020527859238,0.0,0.17283950617283939,0.6943858976815481,0.5993820803295572,0.3489619801944185,34.7,0.10496183206106868,0.5531914893617023,0.9897372535175752,0.06346578366445917
0.0005314158004933805,0.21,0.18988269794721407,0.0,0.11111111111111105,0.5652423835983905,0.18743563336766222,0.5169729651083488,25.0,0.10687022900763354,0.44680851063829796,0.9999999999999999,0.09795805739514349
0.005775212914752723,0.2,0.12866568914956011,0.0,0.5390946502057613,0.9268059015136999,0.9124613800205973,0.10538424465076522,48.8,0.14694656488549612,0.042553191489361764,0.9746835443037976,0.1153421633554084
0.004075761370027699,0.22,0.19794721407624635,0.0,0.09465020576131689,0.9001724468288944,0.05664263645726057,0.7072083950931628,42.8,0.2729007633587786,0.6914893617021276,0.9999999999999999,0.04994481236203091
0.07472866098054758,0.0,0.6466275659824048,0.0,0.6748971193415637,0.5280705115922592,0.8249227600411946,0.14593203539179223,19.5,0.91412213740458,0.8085106382978724,0.9999999999999999,0.3383002207505519
0.007309552401329528,0.2,0.12866568914956011,0.0,0.5390946502057613,0.6286644951140065,1.0,0.08012257999981813,30.1,0.14694656488549612,0.042553191489361764,0.9874678501185133,0.14266004415011038
0.0005002816683578758,0.0,0.17338709677419356,0.0,0.2674897119341565,0.5278789040045985,0.3625128733264676,0.4845729250970728,22.2,0.07061068702290074,0.8085106382978724,0.9818699884008271,0.10899558498896247
0.06365817285580244,0.0,0.6466275659824048,1.0,0.5061728395061728,0.5981988886759916,0.9670442842430483,0.02065127445007231,50.0,0.91412213740458,0.8085106382978724,0.9456099652024812,0.05518763796909493
0.0019699925412959983,0.0,0.25366568914956017,0.0,0.2222222222222222,0.5393753592642269,0.529351184346035,0.3101601360383381,23.1,0.19083969465648848,0.7446808510638299,0.9999999999999999,0.14183222958057395
0.0010538397938718138,0.0,0.07331378299120235,0.0,0.2119341563786007,0.575205978156735,0.9546858908341915,0.1561712846347607,32.5,0.011450381679389277,0.5531914893617023,0.9999999999999999,0.10899558498896247
0.01674724075158919,0.0,0.7008797653958945,0.0,0.9999999999999999,0.35313278405824866,1.0,0.04201183970027918,19.6,0.41221374045801523,0.22340425531914887,0.8605577689243029,0.31870860927152317
0.08706216081217599,0.0,0.6466275659824048,0.0,0.6748971193415637,0.5250047901896916,0.8321318228630278,0.1503605561567351,14.9,0.91412213740458,0.8085106382978724,0.6855867668566241,0.4001103752759382
0.0009704407828806784,0.34,0.2063782991202346,0.0,0.09876543209876543,0.562176662195823,0.1596292481977343,0.39666633323936745,26.4,0.27099236641221375,0.37234042553191493,0.9664884764738515,0.19150110375275936
0.0009481860602711838,0.45,0.1092375366568915,0.0,0.10699588477366251,0.6495497221689978,0.19155509783728117,0.4865189280615447,37.0,0.4026717557251908,0.2765957446808509,0.9515356296333654,0.09299116997792495
0.0008164560860372072,0.0,0.45344574780058655,0.0,0.10699588477366251,0.5196397777351983,0.031925849639546866,0.2838890960179687,24.1,0.4026717557251908,0.6489361702127658,0.9950073125220636,0.13934878587196467
9.767350478611415e-05,0.8,0.05681818181818181,0.0,0.10288065843621397,0.5890017244682889,0.2760041194644696,0.6560394292937101,24.5,0.17748091603053434,0.46808510638297873,0.9849715063795451,0.1175496688741722
0.0013628207658591873,0.3,0.16385630498533724,0.0,0.08847736625514402,0.5426326882544549,0.05046343975283214,0.5370513508352355,23.7,0.215648854961832,0.4255319148936172,0.9440465984164607,0.09547461368653423
0.001989999312126756,0.0,1.0,0.0,0.4609053497942387,0.35504885993485324,0.9824922760041195,0.056906946503105446,7.0,1.0,0.7978723404255321,0.866735589288416,0.6136865342163356
0.0007327198822792613,0.0,0.14772727272727273,0.0,0.13168724279835387,0.49051542441080664,0.5550978372811534,0.2380670916349153,22.2,0.1145038167938931,0.6276595744680851,0.9955872711684906,0.18515452538631344
0.0009688672166355626,0.3,0.16385630498533724,0.0,0.08847736625514402,0.5834451044261352,0.40473738414006183,0.4601569533232092,23.3,0.215648854961832,0.4255319148936172,0.9669171415603408,0.15562913907284767
0.04598275281477283,0.0,0.7008797653958945,0.0,0.9999999999999999,0.3653956696685189,1.0,0.02566177740999738,15.6,0.41221374045801523,0.22340425531914887,0.9999999999999999,0.6812913907284768
0.0791739856229996,0.0,0.6466275659824048,0.0,0.47119341563786,0.48706648783291817,0.8465499485066941,0.08113195536924041,13.4,0.91412213740458,0.8085106382978724,0.005547430531040396,0.5949227373068433
0.00876004328655945,0.2,0.12866568914956011,0.0,0.5390946502057613,0.6616210001916077,0.8414006179196704,0.09123480253525994,30.7,0.14694656488549612,0.042553191489361764,0.9676483937667053,0.3603752759381898
0.00044486965701201356,0.525,0.1781524926686217,0.0,0.04115226337448563,0.5276872964169382,0.4397528321318229,0.5626676608862498,22.3,0.20229007633587787,0.4255319148936172,0.9999999999999999,0.1619757174392936
0.003555360533250129,0.0,0.7855571847507332,0.0,0.4917695473251028,0.4562176662195824,0.933058702368692,0.07613963935290856,17.4,0.4770992366412213,0.9148936170212765,0.9529729184527712,0.41859823399558493
0.022523015654286598,0.0,0.7008797653958945,0.0,0.4526748971193414,0.8369419429009389,0.96086508753862,0.08332348207222036,50.0,0.41221374045801523,0.22340425531914887,0.930404962428766,0.0543598233995585
0.00032808856210663655,0.25,0.16129032258064516,0.0,0.08436213991769548,0.4993293734431884,0.45108135942327504,0.38839127390446393,22.9,0.1793893129770992,0.6808510638297873,0.9842150385798578,0.1594922737306843
0.0031839988994028096,0.0,0.33834310850439886,0.0,0.41152263374485576,0.350450277831002,0.7209062821833162,0.15177004428520763,19.7,0.38931297709923657,0.7021276595744679,0.9999999999999999,0.5355960264900663
0.03966162481055387,0.0,0.7008797653958945,1.0,0.9999999999999999,0.4964552596282813,0.8208032955715756,0.0560066927952423,15.6,0.41221374045801523,0.22340425531914887,0.22111553784860558,0.3667218543046357
0.10089526927539973,0.0,0.6466275659824048,1.0,0.7921810699588477,0.5079517148879095,0.9732234809474769,0.09026180105302405,17.8,0.91412213740458,0.8085106382978724,0.9516617075999799,0.43791390728476826
0.17835339330568953,0.0,0.6466275659824048,0.0,0.588477366255144,0.5717570415788465,0.9907312049433572,0.03542816611954279,10.9,0.91412213740458,0.8085106382978724,0.9999999999999999,0.5339403973509933
0.002293585199845161,0.2,0.10520527859237538,0.0,0.1191358024691358,0.6229162674841925,0.3017507723995881,0.2701761405487001,35.1,0.05534351145038163,0.24468085106382986,0.9999999999999999,0.08609271523178808
0.004282685331260422,0.0,0.9233870967741936,0.0,0.4032921810699587,0.39317876987928735,0.9546858908341915,0.0570706289954442,15.7,0.001908396946564861,0.6914893617021276,0.9051641535125322,0.7044701986754967
8.41857941136933e-05,0.8,0.0,0.0,0.07613168724279828,0.8265951331672735,0.2996910401647786,0.41091580354463525,50.0,0.1297709923664122,0.1914893617021276,0.9932674365827828,0.03421633554083886
0.00848938989239954,0.2,0.12866568914956011,0.0,0.5390946502057613,0.38302356773328217,0.6168898043254376,0.07792195982504162,22.8,0.14694656488549612,0.042553191489361764,0.9886529830046901,0.24061810154525382
0.03548706595985068,0.0,0.6466275659824048,0.0,0.5555555555555557,0.42115347767771605,0.4665293511843461,0.1761314552282916,19.9,0.91412213740458,0.8085106382978724,0.842402541731807,0.34216335540838855
0.0014980350653502061,0.0,0.29692082111436957,0.0,0.2777777777777778,0.4993293734431884,0.8970133882595263,0.11743309478125653,20.1,0.37595419847328243,0.8829787234042552,0.9893842352110546,0.2924944812362031
0.024085229742919736,0.0,0.7008797653958945,0.0,0.9999999999999999,0.41157309829469246,0.984552008238929,0.0448853767880039,19.4,0.41221374045801523,0.22340425531914887,0.6597155681073176,0.3879690949227373
0.0006178495463858106,0.2,0.10520527859237538,1.0,0.1191358024691358,0.782525388005365,0.4819773429454171,0.37122279915248846,46.0,0.05534351145038163,0.24468085106382986,0.9499974784406677,0.03532008830022075
0.05942157053600612,0.0,0.6466275659824048,0.0,0.648148148148148,0.47710289327457367,0.819773429454171,0.0944084241922724,23.2,0.91412213740458,0.8085106382978724,0.9533007211659691,0.46992273730684325
0.004224126187424328,0.0,0.21041055718475074,0.0,0.24485596707818924,0.8582103851312511,0.8609680741503605,0.18969891514881465,37.6,0.22900763358778625,0.5106382978723403,0.9759947551565888,0.03863134657836645
0.15191523243596597,0.0,0.6466275659824048,0.0,0.5061728395061728,0.057865491473462316,1.0,0.03464612754503542,23.1,0.91412213740458,0.8085106382978724,0.3305764284633617,0.3200883002207505
0.009376431664289083,0.0,0.28152492668621704,0.0,0.31481481481481477,0.3904962636520407,0.8527291452111225,0.30235793723685767,13.9,0.22900763358778625,0.8936170212765959,0.764284633617429,0.4078366445916115
0.00037979145301758306,0.8,0.03885630498533725,0.0,0.039094650205761305,0.7139298716229162,0.3213182286302781,0.5619219961989289,33.3,0.27099236641221375,0.0,0.9999999999999999,0.06484547461368653
0.00014825241980769222,0.17500000000000002,0.03372434017595308,0.0,0.0639917695473251,0.6788656830810501,0.5829042224510813,0.735961952914003,33.0,0.05534351145038163,0.6382978723404256,0.9907710928438146,0.17439293598233996
0.006980677056100335,0.0,0.28152492668621704,0.0,0.31481481481481477,0.4355240467522513,0.5520082389289392,0.3063590648273604,19.9,0.22900763358778625,0.8936170212765959,0.9967724040546674,0.1859823399558499
0.0015141079205681742,0.0,0.4934017595307918,0.0,0.10699588477366251,0.4270933128951907,0.5674562306900103,0.47198756013058224,20.3,0.1946564885496183,0.36170212765957444,0.9999999999999999,0.38934878587196464
0.1036977907579509,0.0,0.6466275659824048,0.0,0.5061728395061728,0.5087181452385515,1.0,0.003591921359655914,50.0,0.91412213740458,0.8085106382978724,0.922462050532049,0.2152317880794702
0.002892102360933835,0.0,0.29692082111436957,0.0,0.2777777777777778,0.5112090438781375,0.9093717816683832,0.12871809328083372,19.4,0.37595419847328243,0.8829787234042552,0.9857027585859096,0.3813465783664459
0.0003141512610784684,0.0,0.17338709677419356,0.0,0.2674897119341565,0.4422303123203678,0.446961894953656,0.37296874573743505,19.5,0.07061068702290074,0.8085106382978724,0.9999999999999999,0.222682119205298
0.005469941063200265,0.0,0.3460410557184751,0.0,0.3271604938271605,0.5890017244682889,0.819773429454171,0.19895606943775063,22.8,0.22328244274809156,0.6170212765957446,0.9999999999999999,0.07753863134657837
0.007481071122047147,0.0,0.28152492668621704,0.0,0.31481481481481477,0.43150028741138147,0.9001029866117405,0.32303649210231977,16.6,0.22900763358778625,0.8936170212765959,0.9495183821675324,0.3609271523178808
0.0010701374442676555,0.0,0.45344574780058655,0.0,0.10699588477366251,0.5207894232611611,0.737384140061792,0.26576580672735045,20.0,0.4026717557251908,0.6489361702127658,0.9413989611175552,0.282560706401766
0.0017201327010894023,0.0,0.23643695014662755,0.0,0.12962962962962965,0.5077601073002492,0.03707518022657055,0.41750857059716834,24.7,0.08778625954198471,0.5638297872340423,0.9938473952292097,0.157560706401766
0.0003311232970079312,0.2,0.10520527859237538,0.0,0.1191358024691358,0.8160567158459476,0.6343975283213182,0.3241913630204876,45.4,0.05534351145038163,0.24468085106382986,0.9758182460033284,0.05601545253863134
0.00029279571918046875,0.0,0.06304985337243403,0.0,0.15020576131687247,0.6585552787890402,0.44181256436663235,0.44854458983895457,33.4,0.06679389312977096,0.6489361702127658,0.9942760603156993,0.03338852097130243
0.08804103141422692,0.0,0.6466275659824048,0.0,0.5555555555555557,0.5073768921249281,0.6436663233779609,0.16675608580599988,21.4,0.91412213740458,0.8085106382978724,0.9999999999999999,0.3170529801324503
0.002399126535856854,0.0,0.23643695014662755,0.0,0.12962962962962965,0.3910710864150221,0.6086508753861998,0.45086342514708694,19.4,0.08778625954198471,0.5638297872340423,0.9999999999999999,0.3992825607064017
0.7633423805899254,0.0,0.6466275659824048,0.0,0.6337448559670781,0.4065913010155201,1.0,0.02689848957433459,5.0,0.91412213740458,0.8085106382978724,0.9699177971657674,0.5863686534216335
0.2539149204202591,0.0,0.6466275659824048,0.0,0.648148148148148,0.27572331864341826,0.8918640576725025,0.03535541834517002,7.4,0.91412213740458,0.8085106382978724,0.9999999999999999,0.8349889624724061
0.0011801746838368222,0.0,1.0,0.0,0.4609053497942387,0.4640735773136616,0.8300720906282183,0.08914330402204261,20.1,1.0,0.7978723404255321,0.9999999999999999,0.3206401766004415
0.012638996478358745,0.0,0.28152492668621704,0.0,0.31481481481481477,0.4123395286453343,0.9392378990731204,0.2822068037355982,12.7,0.22900763358778625,0.8936170212765959,0.9073831257249484,0.5758830022075054
0.000734293448524377,0.0,0.9233870967741936,0.0,0.4032921810699587,0.46809733665453146,0.8362512873326466,0.09710009184406516,20.3,0.001908396946564861,0.6914893617021276,0.9515104140400424,0.34602649006622516
0.11302679063970864,0.0,0.6466275659824048,0.0,0.40946502057613154,0.6269400268250623,0.94129763130793,0.087170020642181,14.1,0.91412213740458,0.8085106382978724,0.2042715215089011,0.49558498896247244
0.001854785012635737,0.0,0.3500733137829912,0.0,0.33333333333333337,0.45353515999233573,0.878475798146241,0.12126144640762397,18.3,0.46755725190839686,0.5531914893617023,0.8689041303141863,0.3871412803532009
0.04880831580305605,0.0,0.6466275659824048,0.0,0.40123456790123446,0.4993293734431884,0.835221421215242,0.17312151606361792,19.9,0.91412213740458,0.8085106382978724,0.9999999999999999,0.401766004415011
0.0004414977293439083,0.0,0.49230205278592387,1.0,0.33950617283950624,0.44587085648591673,0.5468589083419155,0.18027807836753995,23.3,0.1698473282442748,0.404255319148936,0.9896616067376066,0.3250551876379691
0.006111618898440686,0.2,0.12866568914956011,0.0,0.5390946502057613,0.6984096570224182,0.913491246138002,0.07279324173176079,36.5,0.14694656488549612,0.042553191489361764,0.9772807504160572,0.1757726269315673
0.004826240071358981,0.0,0.37133431085043994,1.0,0.21399176954732513,0.3416363287986205,1.0,0.24965217470378015,20.0,0.17175572519083965,0.6382978723404256,0.9999999999999999,0.5894039735099337
0.00350624278688473,0.0,0.3460410557184751,0.0,0.3271604938271605,0.4508526537650891,0.8269824922760042,0.2608917058443743,17.8,0.22328244274809156,0.6170212765957446,0.9843663321397952,0.4580573951434878
0.22567839812754611,0.0,0.6466275659824048,0.0,0.648148148148148,0.15462732324200046,0.9093717816683832,0.028180669097654806,8.8,0.91412213740458,0.8085106382978724,0.7199304049624288,0.7974613686534215
0.0002359225391784276,0.0,0.2423020527859238,0.0,0.17283950617283939,0.5479977007089482,0.7826982492276005,0.3489619801944185,21.6,0.10496183206106868,0.5531914893617023,0.9999999999999999,0.2044701986754967
0.0029567309745725185,0.0,0.3460410557184751,0.0,0.3271604938271605,0.5182985246215751,0.8228630278063851,0.19398194036501193,21.6,0.22328244274809156,0.6170212765957446,0.9911493267436583,0.17025386313465785
0.01378163036749066,0.0,0.28152492668621704,0.0,0.31481481481481477,0.4945391837516767,0.9145211122554068,0.25891842246451274,15.2,0.22900763358778625,0.8936170212765959,0.9999999999999999,0.46881898454746135
0.0026851783997011124,0.0,0.3460410557184751,0.0,0.3271604938271605,0.4255604521939068,0.7085478887744593,0.263901645009048,19.8,0.22328244274809156,0.6170212765957446,0.9999999999999999,0.3921081677704194
0.005273132884971858,0.0,0.3460410557184751,0.0,0.3271604938271605,0.488982563709523,0.5756951596292481,0.26119179041366203,21.0,0.22328244274809156,0.6170212765957446,0.998310555247365,0.30353200883002207
0.0015536718718739421,0.125,0.27162756598240473,0.0,0.28600823045267487,0.5002874113814907,0.9598352214212151,0.43838718184215547,27.1,0.2366412213740458,0.2765957446808509,0.9999999999999999,0.4806843267108167
0.0024509418243567373,0.0,0.33834310850439886,0.0,0.41152263374485576,0.47250431117072245,0.7909371781668383,0.12445325500822961,16.8,0.38931297709923657,0.7021276595744679,0.9999999999999999,0.347682119205298
0.01823448564840146,0.0,0.7855571847507332,0.0,0.4917695473251028,0.2793638628089672,1.0,0.028171575625858217,14.4,0.4770992366412213,0.9148936170212765,0.9999999999999999,0.9017660044150109
0.000512083415196244,0.0,0.14772727272727273,0.0,0.13168724279835387,0.4702050201187967,0.4346035015447992,0.29986632596459,22.5,0.1145038167938931,0.6276595744680851,0.9977053810076152,0.30711920529801323
0.0007431728580503874,0.6,0.045087976539589444,0.0,0.053497942386831254,0.4451044261352751,0.16065911431513905,0.8712182524165902,18.6,0.42748091603053434,0.6063829787234043,0.9884764738514297,0.1672185430463576
0.0011217279375896653,0.3,0.16385630498533724,0.0,0.08847736625514402,0.4855336271316343,0.6405767250257466,0.47345160908983447,20.1,0.215648854961832,0.4255319148936172,0.9942508447223763,0.2944260485651214
0.0453197194376344,0.0,0.6466275659824048,0.0,0.30246913580246926,0.5112090438781375,0.9042224510813595,0.17911411397757548,19.6,0.91412213740458,0.8085106382978724,0.996041151848303,0.3073951434878587
0.002154661779919227,0.0,0.37133431085043994,0.0,0.21399176954732513,0.5022034872580955,0.40679711637487126,0.2560539788485846,25.0,0.17175572519083965,0.6382978723404256,0.9917545009834081,0.2135761589403974
0.001452401644241849,0.125,0.2056451612903226,0.0,0.0493827160493826,0.3895382257137384,0.349124613800206,0.48817393992852537,17.4,0.30152671755725186,0.6702127659574466,0.9999999999999999,0.31346578366445915
0.0009262685304285002,0.21,0.18988269794721407,0.0,0.11111111111111105,0.4602414255604522,0.44078269824922767,0.5169729651083488,19.7,0.10687022900763354,0.44680851063829796,0.99662111049473,0.32339955849889623
0.43099394986258266,0.0,0.6466275659824048,0.0,0.6337448559670781,0.3625215558536118,1.0,0.03273649846775002,5.0,0.91412213740458,0.8085106382978724,0.9999999999999999,0.7963576158940397
0.3220132476294224,0.0,0.6466275659824048,0.0,0.4362139917695472,0.3054224947307914,1.0,0.04181178332075404,16.3,0.91412213740458,0.8085106382978724,0.5311664733471179,0.5063465783664458
0.027429058013790735,0.0,0.7008797653958945,0.0,0.9999999999999999,0.3278405824870666,0.9382080329557158,0.05517918686175195,13.1,0.41221374045801523,0.22340425531914887,0.22267890463462603,0.3976269315673289
0.0008529853024416803,0.22,0.19794721407624635,0.0,0.09465020576131689,0.6506993676949607,0.04016477857878477,0.7072083950931628,29.6,0.2729007633587786,0.6914893617021276,0.9727419436179333,0.04966887417218542
0.09790313306031209,0.0,0.6466275659824048,0.0,0.6337448559670781,0.5575780800919717,0.9876416065911431,0.05420618537951606,13.1,0.91412213740458,0.8085106382978724,0.9875939280851279,0.42466887417218546
0.1749960773241461,0.0,0.6466275659824048,0.0,0.40123456790123446,0.4531519448170148,0.7013388259526261,0.16175467631787138,19.1,0.91412213740458,0.8085106382978724,0.928992889202683,0.4525386313465783
0.10778243153750461,0.0,0.6466275659824048,0.0,0.6337448559670781,0.5447403717187201,1.0,0.04632214533186625,12.1,0.91412213740458,0.8085106382978724,0.9475767814816684,0.5126931567328918
0.04319866453680729,0.0,0.6466275659824048,1.0,0.7921810699588477,0.5430159034297758,0.9073120494335736,0.1250897980339914,21.7,0.91412213740458,0.8085106382978724,0.9859801301124614,0.31843267108167767
0.0004706087048785499,0.8,0.11656891495601175,0.0,0.014403292181069949,0.48802452577122046,0.2996910401647786,0.7357255226472916,21.9,0.24427480916030536,0.404255319148936,0.9898885470775127,0.13355408388520973
0.001105655082371697,0.4,0.21810850439882698,1.0,0.12757201646090532,0.7100977198697068,0.474768280123584,0.33260282443234007,33.2,0.1278625954198473,0.5319148936170215,0.9807100711079731,0.11920529801324503
0.0006755095095104097,0.0,0.1315982404692082,0.0,0.257201646090535,0.6321134316918952,0.7363542739443872,0.1623821258718366,29.9,0.20801526717557245,0.4255319148936172,0.9858036209592012,0.1432119205298013
0.0003453977908029099,0.2,0.10520527859237538,0.0,0.1191358024691358,0.652807051159226,0.35324407826982496,0.37420545790177234,35.4,0.05534351145038163,0.24468085106382986,0.9882243179182006,0.07891832229580573
0.07818185210545413,0.0,0.6466275659824048,0.0,0.648148148148148,0.4123395286453343,0.9691040164778579,0.07246587674708328,15.1,0.91412213740458,0.8085106382978724,0.993771748449241,0.4243929359823399
0.005681810518346209,0.0,0.21041055718475074,0.0,0.2510288065843621,0.7275340103468096,0.7075180226570545,0.27447735270849055,31.5,0.22900763358778625,0.5106382978723403,0.9827777497604518,0.08278145695364239
0.0017133888457531922,0.0,0.3793988269794722,0.0,0.057613168724279795,0.4598582103851313,0.15036045314109167,0.37807927688712273,21.7,0.22519083969465642,0.7021276595744679,0.9496696757274699,0.22488962472406182
0.0540161456888556,0.0,0.6466275659824048,0.0,0.6748971193415637,0.60164782525388,0.8970133882595263,0.13348307250225067,16.4,0.91412213740458,0.8085106382978724,0.6427706893943215,0.40535320088300225
0.009834002248850959,0.0,0.7855571847507332,0.0,0.4917695473251028,0.39777735198313835,0.945417095777549,0.0773217906864662,14.3,0.4770992366412213,0.9148936170212765,0.9999999999999999,0.4583333333333333
0.031172572110921132,0.0,0.7008797653958945,0.0,0.9999999999999999,0.25713738264035246,0.9773429454170957,0.019669179496039815,11.8,0.41221374045801523,0.22340425531914887,0.9999999999999999,0.760485651214128
0.10478568702127058,0.0,0.6466275659824048,0.0,0.6748971193415637,0.5027783100210766,0.9866117404737385,0.10293810073748057,14.1,0.91412213740458,0.8085106382978724,0.9999999999999999,0.4525386313465783
0.00037417157357074105,0.0,0.17338709677419356,0.0,0.2674897119341565,0.47442038704732703,0.32543769309989706,0.4415517100273713,21.1,0.07061068702290074,0.8085106382978724,0.9999999999999999,0.17328918322295805
0.0036360620021067803,0.0,0.7855571847507332,0.0,0.4917695473251028,0.4332247557003258,0.9526261585993822,0.12187980248979259,18.4,0.4770992366412213,0.9148936170212765,0.9792979978818902,0.3669977924944812
0.0003234802609602261,0.9500000000000001,0.08137829912023462,0.0,0.0639917695473251,0.822379766238743,0.31204943357363546,0.3626840291354837,48.5,0.07061068702290074,0.22340425531914887,0.9896111755509607,0.05739514348785872
0.09709398281755578,0.0,0.6466275659824048,0.0,0.6337448559670781,0.5043111707223605,0.9237899073120494,0.06016240940628724,13.8,0.91412213740458,0.8085106382978724,0.9999999999999999,0.3708609271523179
0.000327751369339826,0.8,0.11656891495601175,0.0,0.014403292181069949,0.44357156543399123,0.16683831101956748,0.7357255226472916,20.9,0.24427480916030536,0.404255319148936,0.9956629179484594,0.20750551876379691
0.0009589762288091206,0.0,0.3793988269794722,0.0,0.057613168724279795,0.4797853995018203,0.05046343975283214,0.37807927688712273,22.8,0.22519083969465642,0.7021276595744679,0.9848958595995765,0.10458057395143486
0.06592939093544917,0.0,0.6466275659824048,0.0,0.6337448559670781,0.5449319793063806,0.9588053553038105,0.04975947767098003,12.5,0.91412213740458,0.8085106382978724,0.9999999999999999,0.4867549668874172
0.0036431430502098018,0.0,0.21041055718475074,0.0,0.2510288065843621,0.48380915884269016,0.6035015447991761,0.22936463912557176,24.0,0.22900763358778625,0.5106382978723403,0.9491905794543346,0.2524834437086093
0.0008297190015317544,0.0,0.20161290322580644,0.0,0.23456790123456794,0.43858976815481887,0.39752832131822863,0.25503551000736574,21.0,0.17557251908396948,0.7021276595744679,0.9999999999999999,0.19426048565121412
